Symbol_unique,SeqId,coef,abs coef,intercept,mean,std_dev,assay,5k_to_7k_scale,11k_to_7k_scale
PDGFRA,10366-11,0.008027759,0.008027759,0.817267898,3.083279081,0.174205258,5k,0.767,
SCARA5,10419-1,0.012098772,0.012098772,0.817267898,3.724731987,0.146852015,5k,0.787,
KIR2DS2,10428-1,0.003253766,0.003253766,0.817267898,3.176708023,0.231993465,5k,0.654,
RPN1.1,10490-3,-0.003531877,0.003531877,0.817267898,3.505364025,0.136094851,5k,0.862,
PTGDS,10514-5,0.062115949,0.062115949,0.817267898,4.335062753,0.139968789,5k,0.719,
MXRA8.1,10521-10,-0.071415858,0.071415858,0.817267898,2.814679438,0.091731529,5k,1.165,
PCDH9,10558-26,-0.000985812,0.000985812,0.817267898,3.570113043,0.137541051,5k,0.847,
HTN3,10603-1,-0.032670444,0.032670444,0.817267898,3.055994228,0.171838492,5k,0.66,
MPZ,10615-18,0.010850687,0.010850687,0.817267898,3.147226337,0.14610028,5k,0.795,
UCN3,10756-34,-0.007271235,0.007271235,0.817267898,2.903947848,0.177085311,5k,0.74,
TMED2,10761-5,-0.00380856,0.00380856,0.817267898,2.736004655,0.071136613,5k,0.867,
CYB5D2,10924-258,-0.004353822,0.004353822,0.817267898,1.932474834,0.107787142,5k,0.916,
SPINK7,10974-20,-0.018852754,0.018852754,0.817267898,3.095660891,0.148466255,5k,0.859,
NRG3.1,10981-56,-0.003201582,0.003201582,0.817267898,2.695341856,0.162559521,5k,0.918,
ANGPTL1.1,11142-11,0.023487639,0.023487639,0.817267898,2.950045527,0.086889353,5k,0.941,
KLK13.1,11152-46,-0.036554073,0.036554073,0.817267898,3.767107646,0.172628838,5k,0.828,
HSPA1A.4,11157-35,0.03137879,0.03137879,0.817267898,3.325541318,0.07266661,5k,0.577,
KRT5,11177-16,0.012978343,0.012978343,0.817267898,3.306543944,0.138563384,5k,0.813,
FGFBP3,11219-95,0.004209489,0.004209489,0.817267898,3.036237834,0.094257528,5k,0.768,
PCOLCE,11237-49,-0.017599474,0.017599474,0.817267898,3.68336578,0.127526508,5k,1.973,
MADCAM1,11258-41,0.004655945,0.004655945,0.817267898,3.086141636,0.088141977,5k,0.947,
SELPLG.1,11266-8,-0.037160297,0.037160297,0.817267898,3.331966505,0.146265932,5k,0.742,
MRE11,11319-106,-0.008274551,0.008274551,0.817267898,2.983714894,0.105600599,5k,0.916,
CD7,12008-3,0.008267433,0.008267433,0.817267898,2.680924375,0.181288847,5k,0.791,
TPPP2,12800-5,-0.044513779,0.044513779,0.817267898,3.56735199,0.145136493,5k,0.674,
KRT20,12975-11,-0.013722924,0.013722924,0.817267898,2.863895795,0.162574464,5k,0.962,
SORBS3,12976-49,-0.012446603,0.012446603,0.817267898,2.357445175,0.118699849,5k,0.931,
PRKG1,13067-5,-0.009659099,0.009659099,0.817267898,3.317266381,0.059466531,5k,1.156,
REG1A,13095-51,-0.00209425,0.00209425,0.817267898,3.896912632,0.193943654,5k,0.898,
EFNB1.1,13104-32,-0.001821592,0.001821592,0.817267898,3.053830341,0.09473462,5k,0.955,
FSTL1,13112-179,-0.0171857,0.0171857,0.817267898,4.291447645,0.066223892,5k,0.988,
SPP1,13113-7,0.025125059,0.025125059,0.817267898,2.863461574,0.15133255,5k,0.906,
LUM,13114-50,-0.015857465,0.015857465,0.817267898,3.773630921,0.082447086,5k,0.831,
SMOC1.1,13118-5,0.020270341,0.020270341,0.817267898,3.318810019,0.108613392,5k,1.01,
FLRT2,13122-19,0.015243857,0.015243857,0.817267898,3.954861454,0.113049552,5k,0.771,
PCSK1,13388-57,-0.048793606,0.048793606,0.817267898,3.233713254,0.101296465,5k,0.946,
TMEM132D,13416-8,-0.033544375,0.033544375,0.817267898,3.54058041,0.128334495,5k,0.922,
FAM171A2,13479-8,-0.000260898,0.000260898,0.817267898,2.969701936,0.077653751,5k,0.943,
RBL2,13565-2,0.010038923,0.010038923,0.817267898,3.04722909,0.135934566,5k,0.931,
CNTFR.1,14101-2,0.03053428,0.03053428,0.817267898,2.781676456,0.086636503,5k,0.781,
PIANP.1,14114-18,-0.03568807,0.03568807,0.817267898,3.225002292,0.134209827,5k,0.725,
CD93.2,14136-234,-0.11818105,0.11818105,0.817267898,3.709827533,0.087150933,5k,0.761,
TRAPPC3,14337-1,-0.03793523,0.03793523,0.817267898,3.084727139,0.137433021,5k,0.518,
VOPP1,14618-26,-0.029856881,0.029856881,0.817267898,3.269720407,0.137369856,5k,0.948,
CAPN2,14684-17,0.020489628,0.020489628,0.817267898,3.69462376,0.168953885,5k,0.881,
NETO1.1,15298-199,0.017780879,0.017780879,0.817267898,2.481912218,0.109275834,5k,1.008,
SCGN.2,15305-7,-0.001212665,0.001212665,0.817267898,2.950282379,0.232268553,5k,0.789,
CPLX2,15321-8,0.17228652,0.17228652,0.817267898,2.976266523,0.151931992,5k,0.771,
SELENOM,15336-7,-0.000458309,0.000458309,0.817267898,4.196083271,0.113546203,5k,0.901,
DDR2.1,15381-45,0.011498326,0.011498326,0.817267898,2.709604256,0.13793867,5k,0.799,
NRP2.1,15387-44,0.029887586,0.029887586,0.817267898,4.363162107,0.066723161,5k,1.013,
GAS6,15391-114,-0.01733824,0.01733824,0.817267898,3.097027491,0.088442986,5k,0.901,
NT5E.1,15452-5,-0.041917532,0.041917532,0.817267898,3.882890355,0.184075071,5k,0.88,
CTHRC1.1,15467-10,-0.018659086,0.018659086,0.817267898,4.669612688,0.110567751,5k,0.963,
LRP11.1,15472-16,0.015834061,0.015834061,0.817267898,3.475913327,0.097562015,5k,0.951,
LEFTY2.1,15503-15,0.042987378,0.042987378,0.817267898,4.122544888,0.123734624,5k,0.812,
NPTXR.1,15511-37,-0.210971939,0.210971939,0.817267898,3.071747101,0.163951548,5k,0.584,
PRSS27.1,15535-3,0.012427938,0.012427938,0.817267898,3.174061709,0.140989464,5k,0.868,
SLITRK1.2,15539-15,-0.037790194,0.037790194,0.817267898,3.076369401,0.139939607,5k,0.735,
KLK14.1,15544-25,0.026702231,0.026702231,0.817267898,3.435434546,0.155640659,5k,0.352,
MUC16,15565-102,-0.006727578,0.006727578,0.817267898,1.929938111,0.151074808,5k,0.88,
HTRA1,15594-47,-0.019713859,0.019713859,0.817267898,4.225923774,0.099821976,5k,1.047,
SMOC2,15635-4,-0.01033805,0.01033805,0.817267898,3.096620993,0.119765518,5k,1.072,
TAGLN.1,15640-54,0.003520106,0.003520106,0.817267898,3.521352713,0.156611388,5k,0.306,
COL10A1,15653-9,0.00978923,0.00978923,0.817267898,2.755693603,0.195164303,5k,0.744,
TREM2.2,16300-4,0.01107105,0.01107105,0.817267898,4.118901743,0.212436765,5k,0.652,
UNC5D.1,16307-22,-0.070527653,0.070527653,0.817267898,3.157665917,0.136451351,5k,0.7,
NRXN3.1,16323-8,0.006903914,0.006903914,0.817267898,3.694741129,0.118521032,5k,0.756,
KIRREL2.1,16609-106,0.005771678,0.005771678,0.817267898,2.617947069,0.170167587,5k,0.869,
LRP10,16610-13,-0.039922989,0.039922989,0.817267898,3.719132705,0.095810466,5k,0.843,
NPPB.1,16751-15,0.003381125,0.003381125,0.817267898,2.590533551,0.17475022,5k,1.11,
COL6A2,16753-46,-0.006308123,0.006308123,0.817267898,2.829181091,0.073112455,5k,0.865,
SCUBE3,16773-29,-0.020962261,0.020962261,0.817267898,2.36322263,0.145380561,5k,0.86,
CDCP1.1,16818-200,0.018556722,0.018556722,0.817267898,3.402969837,0.197964689,5k,0.733,
RCN3.1,16858-384,-0.002641808,0.002641808,0.817267898,2.8579382,0.097613771,5k,1.092,
ADAMTSL1.1,16890-37,0.025530374,0.025530374,0.817267898,4.00553582,0.136843655,5k,0.73,
SLITRK6,16916-19,-0.001108686,0.001108686,0.817267898,2.700174694,0.088760806,5k,0.914,
DCLK1,17156-72,0.021008504,0.021008504,0.817267898,3.425609581,0.126483047,5k,0.836,
CALCB,17170-15,0.000491803,0.000491803,0.817267898,2.477203938,0.142197322,5k,0.909,
CNPY3,17327-3,-0.000663817,0.000663817,0.817267898,3.332316954,0.252004824,5k,0.894,
KREMEN1.1,17331-138,0.037011147,0.037011147,0.817267898,3.171150014,0.068656057,5k,0.714,
SFRP4.1,17447-52,-0.018294907,0.018294907,0.817267898,3.878406055,0.119042101,5k,1.02,
EPHB1,17680-12,0.012017595,0.012017595,0.817267898,2.658835814,0.163100761,5k,0.902,
IL11RA.1,18216-22,0.000231481,0.000231481,0.817267898,2.862853371,0.08364581,5k,0.324,
CPLX1,18332-17,0.071393011,0.071393011,0.817267898,2.344365918,0.132582373,5k,0.795,
ARL4D,18413-24,-0.003057555,0.003057555,0.817267898,2.569325153,0.156712842,5k,0.82,
ARL6,18415-16,-0.003880099,0.003880099,0.817267898,3.320096869,0.131516388,5k,0.939,
ATOX1,19233-75,-0.009586929,0.009586929,0.817267898,2.975204203,0.156919531,5k,0.651,
NNMT,19376-74,-0.000852085,0.000852085,0.817267898,2.944348323,0.155709013,5k,0.825,
STX1A.1,19553-14,0.058747496,0.058747496,0.817267898,3.11738744,0.108685476,5k,0.818,
SEZ6L,19563-3,-0.133290916,0.133290916,0.817267898,3.365301775,0.085458137,5k,0.76,
IAPP,19639-53,0.004078871,0.004078871,0.817267898,3.478414015,0.135370228,5k,0.747,
TIMP1.1,2211-9,-0.026970189,0.026970189,0.817267898,3.851440911,0.111856876,5k,0.115,
TIMP2,2278-61,-0.045371776,0.045371776,0.817267898,4.616287077,0.078453657,5k,0.9,
GFRA2,2515-14,0.027692591,0.027692591,0.817267898,3.470340786,0.081943953,5k,0.777,
VEGFA.3,2597-8,-0.014028766,0.014028766,0.817267898,3.831880778,0.07852516,5k,0.8,
PLAUR,2652-15,-0.006184333,0.006184333,0.817267898,3.746323729,0.119748512,5k,0.891,
MIA,2687-2,0.021057576,0.021057576,0.817267898,3.354002011,0.102010532,5k,0.898,
AGRP,2813-11,0.04998977,0.04998977,0.817267898,3.006736298,0.118968368,5k,0.932,
CDH5,2819-23,-0.021641669,0.021641669,0.817267898,4.151315136,0.079334803,5k,1.291,
KLK8.2,2834-54,-0.040392745,0.040392745,0.817267898,3.383938238,0.12174751,5k,0.767,
SPINT2,2843-13,-0.017678042,0.017678042,0.817267898,2.728913115,0.120040408,5k,0.693,
VCAM1.2,2967-8,0.019446491,0.019446491,0.817267898,3.865818207,0.119017088,5k,0.794,
IL1R1,2991-9,-0.024762749,0.024762749,0.817267898,3.598146044,0.129356414,5k,0.693,
JAM2,2997-8,-0.032944529,0.032944529,0.817267898,3.694721434,0.086214035,5k,0.813,
LSAMP,2999-6,0.004575183,0.004575183,0.817267898,2.962422808,0.078697292,5k,0.884,
TGFBR3,3009-3,0.00272831,0.00272831,0.817267898,4.371662079,0.085349053,5k,0.952,
SERPINF2,3024-18,-0.015460465,0.015460465,0.817267898,3.788915633,0.066615092,5k,1.14,
MRC2,3041-55,0.004560263,0.004560263,0.817267898,3.534844552,0.088141185,5k,0.937,
LGALS3,3066-12,0.0286696,0.0286696,0.817267898,3.838127386,0.086335386,5k,0.783,
TNFRSF1B.1,3152-57,-0.006663337,0.006663337,0.817267898,3.336771662,0.126203733,5k,0.947,
CTSS,3181-50,0.004439888,0.004439888,0.817267898,4.140769466,0.107282197,5k,0.849,
IDS,3198-4,0.014060023,0.014060023,0.817267898,3.38876684,0.136786042,5k,0.818,
SFRP1.2,3221-54,-0.002317919,0.002317919,0.817267898,3.106626902,0.152762619,5k,0.319,
WFIKKN2.2,3235-50,0.044183864,0.044183864,0.817267898,3.351059865,0.112000977,5k,0.87,
MATN2,3325-2,0.023395025,0.023395025,0.817267898,3.91622433,0.083988737,5k,0.927,
THBS4,3340-53,0.041200987,0.041200987,0.817267898,4.32708061,0.113214984,5k,0.764,
CHRDL1,3362-61,0.005188733,0.005188733,0.817267898,3.419648293,0.167831125,5k,1.101,
TPSB2.2,3403-1,-0.015165184,0.015165184,0.817267898,3.880146053,0.26015867,5k,0.733,
IBSP.2,3415-61,0.000381262,0.000381262,0.817267898,3.202057494,0.180213941,5k,0.895,
EPHA1,3431-54,0.008844623,0.008844623,0.817267898,3.945002959,0.219502104,5k,0.692,
GZMA.2,3440-7,0.016152789,0.016152789,0.817267898,3.266301548,0.114420924,5k,0.668,
POSTN.1,3457-57,0.000149064,0.000149064,0.817267898,3.281338095,0.133384847,5k,0.472,
CXCL13.2,3487-32,0.000214303,0.000214303,0.817267898,2.708613504,0.169402385,5k,0.693,
CCL22.2,3508-78,-0.00415959,0.00415959,0.817267898,4.024996985,0.163593683,5k,0.527,
ADIPOQ,3554-24,-0.019560855,0.019560855,0.817267898,3.686090367,0.208453619,5k,1.199,
DKK3.2,3607-71,0.04582168,0.04582168,0.817267898,3.294866556,0.100312275,5k,0.665,
MAP2K2,3628-3,0.032609243,0.032609243,0.817267898,3.658599911,0.168081176,5k,0.725,
CADM3,3630-27,-0.001158224,0.001158224,0.817267898,2.973778385,0.123131981,5k,0.705,
CST5.2,3803-10,-0.010090673,0.010090673,0.817267898,3.626806395,0.255228123,5k,0.749,
ESM1,3805-16,0.007524764,0.007524764,0.817267898,3.487442894,0.125682908,5k,0.785,
EPHA5,3806-55,-0.000836649,0.000836649,0.817267898,2.763550797,0.101187195,5k,0.884,
AGER,4125-52,-0.003864845,0.003864845,0.817267898,3.467701073,0.265735753,5k,0.673,
PAPPA,4148-49,0.006931066,0.006931066,0.817267898,4.077525892,0.195167609,5k,0.929,
ANP32B,4194-26,-0.014765544,0.014765544,0.817267898,2.764846184,0.109635808,5k,0.963,
CFL1,4203-50,-0.015092949,0.015092949,0.817267898,2.983392777,0.11858038,5k,0.962,
SPON1.1,4297-62,0.036117729,0.036117729,0.817267898,3.106623946,0.094867697,5k,0.624,
ADGRE2,4546-27,-0.026398308,0.026398308,0.817267898,3.197815851,0.165108667,5k,0.384,
PLXNC1,4564-2,0.00332137,0.00332137,0.817267898,4.019968622,0.12427313,5k,0.764,
SLITRK5,4568-17,0.033546211,0.033546211,0.817267898,3.25923684,0.125470823,5k,0.825,
SMPDL3A.2,4771-10,0.021258249,0.021258249,0.817267898,3.322608592,0.104524399,5k,1.065,
STC1,4930-21,0.078152727,0.078152727,0.817267898,3.271929308,0.116542179,5k,1.065,
CDNF.2,4962-52,0.01921075,0.01921075,0.817267898,3.218526379,0.098742933,5k,0.755,
CTSZ,4971-1,0.029360111,0.029360111,0.817267898,3.224183462,0.106148827,5k,0.803,
PI3,4982-54,0.098966336,0.098966336,0.817267898,3.885607803,0.202489616,5k,1.052,
CD163,5028-59,-0.025934171,0.025934171,0.817267898,3.387752215,0.132421106,5k,0.921,
TNFAIP6,5036-50,0.024341254,0.024341254,0.817267898,3.14030202,0.134647416,5k,1.06,
LILRB2.1,5091-28,-0.030838868,0.030838868,0.817267898,3.828803682,0.103881439,5k,0.922,
NOTCH1,5107-7,0.014204856,0.014204856,0.817267898,4.140647615,0.050693029,5k,0.865,
TNFRSF19,5131-15,-0.017400073,0.017400073,0.817267898,2.857693348,0.118096905,5k,0.718,
SIRPA.1,5430-66,-0.002684956,0.002684956,0.817267898,3.691489552,0.424778581,5k,1.11,
FABP3.2,5437-63,-0.077257659,0.077257659,0.817267898,4.178140276,0.180234624,5k,0.918,
TNNI3.1,5441-67,0.00068588,0.00068588,0.817267898,2.542079508,0.136592457,5k,0.922,
ALCAM,5451-1,0.040600224,0.040600224,0.817267898,4.050632098,0.069665851,5k,1.12,
ASGR1,5452-71,-0.026115045,0.026115045,0.817267898,3.213628175,0.177553296,5k,0.789,
COLEC12.1,5457-5,0.017006251,0.017006251,0.817267898,3.223961617,0.129604706,5k,0.744,
CST1,5459-33,0.007277851,0.007277851,0.817267898,2.836143643,0.184131785,5k,0.484,
GAS1,5463-22,0.038802883,0.038802883,0.817267898,3.933698111,0.126085377,5k,0.768,
GREM2,5598-3,-0.020364081,0.020364081,0.817267898,3.67532508,0.102602229,5k,0.871,
TAFA5,5609-92,0.006572589,0.006572589,0.817267898,2.811949597,0.101445256,5k,1.002,
MLN,5631-83,0.007646916,0.007646916,0.817267898,3.771454816,0.27612696,5k,0.819,
MFAP4,5636-10,-0.000545536,0.000545536,0.817267898,2.955076712,0.152868921,5k,0.68,
RNASE4,5644-60,0.000324392,0.000324392,0.817267898,4.110948499,0.086042998,5k,0.886,
TMX3,5654-70,0.005648326,0.005648326,0.817267898,3.232029691,0.096956931,5k,0.806,
SOD3.1,5660-51,0.023195301,0.023195301,0.817267898,3.787365511,0.195187313,5k,0.196,
OLFM1,5703-26,0.015819377,0.015819377,0.817267898,2.290471058,0.133531077,5k,0.834,
NECTIN4,5734-13,-0.014884514,0.014884514,0.817267898,2.450441313,0.149932646,5k,0.823,
ROBO1,5740-17,-0.002853522,0.002853522,0.817267898,3.675578499,0.125787413,5k,0.899,
ACP6,5742-14,-0.00126638,0.00126638,0.817267898,3.616200521,0.178993571,5k,0.938,
NGF,5801-72,0.001500587,0.001500587,0.817267898,2.610847098,0.15534258,5k,0.903,
IFNGR1,5825-49,-0.000391337,0.000391337,0.817267898,2.696072843,0.132228623,5k,0.971,
SST,5957-30,-0.000684751,0.000684751,0.817267898,2.691633178,0.090560435,5k,0.838,
ADPGK,6221-1,-0.035257791,0.035257791,0.817267898,3.144450861,0.081236773,5k,0.817,
SIRPB1,6247-9,-0.001856835,0.001856835,0.817267898,3.298256945,0.236590591,5k,0.89,
TNC.7,6260-14,0.001246641,0.001246641,0.817267898,4.298714852,0.103074752,5k,0.983,
DLK1.1,6373-54,0.025567004,0.025567004,0.817267898,3.289852682,0.166483531,5k,0.757,
C1QL1,6404-20,0.023240169,0.023240169,0.817267898,3.027228026,0.096151408,5k,0.873,
NMES1,6406-3,-0.017576698,0.017576698,0.817267898,3.453505642,0.138697602,5k,0.793,
TIMP4,6462-12,0.051191651,0.051191651,0.817267898,3.541229671,0.145281152,5k,0.983,
IGLON5,6478-2,-0.02011265,0.02011265,0.817267898,3.468304406,0.119791689,5k,0.771,
TMED10,6506-54,-0.006664437,0.006664437,0.817267898,3.127842691,0.145619367,5k,1.061,
MGP,6520-87,0.018945899,0.018945899,0.817267898,3.758131065,0.135020596,5k,1.52,
PCDHGA12,6938-21,0.012247723,0.012247723,0.817267898,2.965513326,0.101105784,5k,0.991,
CD2,7100-31,-0.023341036,0.023341036,0.817267898,3.12247259,0.434706141,5k,0.891,
SLITRK4,7139-14,-0.008907943,0.008907943,0.817267898,3.437965683,0.126579577,5k,0.824,
FUT10,7156-2,0.012801286,0.012801286,0.817267898,3.672909714,0.099776493,5k,0.954,
TMEM132C.2,7173-141,0.019299946,0.019299946,0.817267898,3.764370982,0.126641943,5k,0.947,
NPTN,7194-36,0.071280584,0.071280584,0.817267898,3.659882698,0.116564243,5k,0.793,
FAM20B,7198-197,-0.039410396,0.039410396,0.817267898,2.926461232,0.064993873,5k,0.933,
RNASE1,7211-2,-0.082909432,0.082909432,0.817267898,3.250927133,0.281949485,5k,1.259,
ATP1B2,7218-87,-0.016440543,0.016440543,0.817267898,3.630521077,0.109429887,5k,0.835,
PRG2,7258-5,-0.005181777,0.005181777,0.817267898,2.3957876,0.131654216,5k,0.861,
NPPB.3,7655-11,0.009353571,0.009353571,0.817267898,3.468786002,0.370001298,5k,0.638,
KLRC3.2,7795-14,-0.004600592,0.004600592,0.817267898,3.155600008,0.115499755,5k,0.85,
QPCT,7849-3,0.000245728,0.000245728,0.817267898,2.885258968,0.174158553,5k,0.561,
PGRMC1,7863-50,-0.010759563,0.010759563,0.817267898,4.004453353,0.14860448,5k,0.968,
ADM.2,7922-5,0.008117193,0.008117193,0.817267898,2.744302598,0.158859409,5k,0.78,
SCG3,7957-2,-0.058897242,0.058897242,0.817267898,3.641564545,0.111225146,5k,0.915,
ENTPD1.2,7999-23,0.012570549,0.012570549,0.817267898,3.17961166,0.128760718,5k,0.819,
DNAJB12,8006-12,-0.015131615,0.015131615,0.817267898,3.026465292,0.146278109,5k,0.637,
CTSB.2,8007-19,0.015892747,0.015892747,0.817267898,3.327646403,0.158264781,5k,0.669,
SPINK5,8028-22,-0.002188177,0.002188177,0.817267898,3.165752544,0.109137964,5k,0.728,
XG,8044-90,0.007928182,0.007928182,0.817267898,2.788898657,0.18193331,5k,1.067,
SPON2,8099-42,0.001686414,0.001686414,0.817267898,3.964413321,0.18204335,5k,0.671,
EPHB2.1,8225-86,0.001669709,0.001669709,0.817267898,3.214602231,0.097635815,5k,1.001,
TNFRSF11B,8304-50,0.004963959,0.004963959,0.817267898,3.899957365,0.151673079,5k,0.825,
NCR1.2,8360-169,-0.013508088,0.013508088,0.817267898,3.01008789,0.144998906,5k,0.754,
IGF1.2,8406-17,-0.011673866,0.011673866,0.817267898,2.295917687,0.128521257,5k,0.93,
NTM.3,8428-102,-0.013117392,0.013117392,0.817267898,3.523997537,0.094855998,5k,0.507,
ARL8B,8569-147,-0.010657784,0.010657784,0.817267898,2.809894012,0.092543179,5k,0.927,
A4GALT,8759-29,0.00104088,0.00104088,0.817267898,2.84048948,0.146783856,5k,0.881,
BAMBI.3,8811-24,0.010658062,0.010658062,0.817267898,2.918102457,0.1020736,5k,1.084,
GOLM2.2,8838-10,0.027051515,0.027051515,0.817267898,2.991484972,0.091043065,5k,1.148,
QPCTL,8866-53,-0.008807667,0.008807667,0.817267898,3.568306376,0.122709484,5k,0.767,
NEO1,8900-28,-0.033213105,0.033213105,0.817267898,3.574540479,0.073284348,5k,1.015,
PTK2B.2,8918-64,0.010267589,0.010267589,0.817267898,2.973337904,0.068700131,5k,0.609,
GALNT16,8923-94,-0.017655685,0.017655685,0.817267898,3.509930453,0.132465332,5k,1.154,
CALY,8924-55,0.000174798,0.000174798,0.817267898,2.268428529,0.081114518,5k,1.14,
SCARF2.1,8956-96,0.00052581,0.00052581,0.817267898,3.169539291,0.092197113,5k,1.22,
COL15A1,8974-172,-0.003943265,0.003943265,0.817267898,3.826526057,0.096185906,5k,0.763,
GOLM1.2,8983-7,0.008092327,0.008092327,0.817267898,3.214623743,0.202305494,5k,0.868,
PLXNA1,9005-16,0.026069311,0.026069311,0.817267898,3.920158084,0.111370106,5k,0.998,
PRG3,9015-1,-0.008946481,0.008946481,0.817267898,2.988450034,0.15871807,5k,0.784,
HAVCR1,9021-1,0.002588976,0.002588976,0.817267898,3.01218578,0.21022099,5k,0.918,
FAM3B.2,9177-6,0.036049839,0.036049839,0.817267898,4.176160869,0.151848444,5k,0.918,
CXCL9.2,9188-119,0.006355172,0.006355172,0.817267898,2.646987003,0.214771396,5k,0.715,
TFF2.2,9191-8,-0.00618698,0.00618698,0.817267898,3.80623938,0.168786093,5k,0.764,
POMC.3,9204-33,0.005836189,0.005836189,0.817267898,2.72037002,0.14975038,5k,0.866,
TWSG1,9234-8,0.034603181,0.034603181,0.817267898,3.040078762,0.072403075,5k,0.739,
CTSO,9264-11,0.004549421,0.004549421,0.817267898,2.746730201,0.125248404,5k,0.91,
PTPRD,9296-15,0.165222499,0.165222499,0.817267898,3.659040508,0.118375577,5k,0.873,
TAC1,9337-43,-0.023855944,0.023855944,0.817267898,2.410031833,0.138098131,5k,0.888,
PCDHAC2,9361-7,-0.016456073,0.016456073,0.817267898,2.826451361,0.11443166,5k,1.041,
TPSAB1,9409-11,-0.020690432,0.020690432,0.817267898,4.363418347,0.161362085,5k,0.835,
LMAN2.2,9468-8,0.059465714,0.059465714,0.817267898,3.666061038,0.107503078,5k,0.838,
METTL24,9470-15,-0.001581675,0.001581675,0.817267898,2.73479867,0.1400002,5k,1.016,
DSG2.2,9484-75,0.050480307,0.050480307,0.817267898,2.777977496,0.096088874,5k,0.203,
PIANP.2,9599-6,-0.088147096,0.088147096,0.817267898,3.201642307,0.145867904,5k,0.925,
TIGIT.2,9638-2,-0.0006066,0.0006066,0.817267898,1.947232208,0.188881195,5k,0.857,
SEMA4B,9805-51,-0.023642333,0.023642333,0.817267898,3.033882922,0.125208619,5k,0.887,
KRT1,9931-20,0.009205473,0.009205473,0.817267898,3.175314646,0.128921235,5k,0.806,
UBXN4.1,9970-7,-0.02873504,0.02873504,0.817267898,2.775805252,0.177547702,5k,0.977,
IL12B|IL23A,10365-132,0.000166178,0.000166178,0.818119806,2.946435158,0.143210334,7k,,0.737
PDGFRA,10366-11,0.005079723,0.005079723,0.818119806,3.083279081,0.174205258,7k,,0.909
SCARA5,10419-1,0.00398688,0.00398688,0.818119806,3.724731987,0.146852015,7k,,0.897
KIR2DS2,10428-1,0.007246719,0.007246719,0.818119806,3.176708023,0.231993465,7k,,0.978
ALPI.1,10463-23,-0.016379549,0.016379549,0.818119806,2.873050728,0.104581663,7k,,1.248
RPN1.1,10490-3,-0.003535161,0.003535161,0.818119806,3.505364025,0.136094851,7k,,0.952
PTGDS,10514-5,0.070953406,0.070953406,0.818119806,4.335062753,0.139968789,7k,,1.224
MXRA8.1,10521-10,-0.042251094,0.042251094,0.818119806,2.814679438,0.091731529,7k,,1.012
PLXDC2.1,10576-7,0.008563686,0.008563686,0.818119806,2.78364566,0.067674512,7k,,1.072
HTN3,10603-1,-0.027735687,0.027735687,0.818119806,3.055994228,0.171838492,7k,,1.856
MPZ,10615-18,0.012063412,0.012063412,0.818119806,3.147226337,0.14610028,7k,,1.236
FBLN5.1,10738-11,-0.002037346,0.002037346,0.818119806,4.195429912,0.259900482,7k,,1.124
DKK3.1,10746-24,0.014844741,0.014844741,0.818119806,3.337337298,0.134251128,7k,,0.642
UCN3,10756-34,-0.006933843,0.006933843,0.818119806,2.903947848,0.177085311,7k,,0.83
CYB5D2,10924-258,-0.004165258,0.004165258,0.818119806,1.932474834,0.107787142,7k,,1.035
SPINK7,10974-20,-0.015333617,0.015333617,0.818119806,3.095660891,0.148466255,7k,,1.179
NRG3.1,10981-56,-0.003247529,0.003247529,0.818119806,2.695341856,0.162559521,7k,,0.898
ANGPTL1.1,11142-11,0.034237387,0.034237387,0.818119806,2.950045527,0.086889353,7k,,0.823
COL6A1.1,11150-3,-0.004107562,0.004107562,0.818119806,3.334853618,0.161794858,7k,,0.684
KLK13.1,11152-46,-0.023026219,0.023026219,0.818119806,3.767107646,0.172628838,7k,,0.731
HSPA1A.4,11157-35,0.017310206,0.017310206,0.818119806,3.325541318,0.07266661,7k,,1.027
KRT5,11177-16,0.006524885,0.006524885,0.818119806,3.306543944,0.138563384,7k,,0.974
PCOLCE,11237-49,-0.010002297,0.010002297,0.818119806,3.68336578,0.127526508,7k,,0.945
SELPLG.1,11266-8,-0.033630643,0.033630643,0.818119806,3.331966505,0.146265932,7k,,1.656
MRE11,11319-106,-0.009555615,0.009555615,0.818119806,2.983714894,0.105600599,7k,,1.195
DDR1.1,11836-144,0.017604537,0.017604537,0.818119806,2.694424652,0.071911739,7k,,0.866
TREM2.1,11851-21,0.001006652,0.001006652,0.818119806,3.507351638,0.15190779,7k,,1.432
CD7,12008-3,0.014384574,0.014384574,0.818119806,2.680924375,0.181288847,7k,,1.295
KRT20,12975-11,-0.007276557,0.007276557,0.818119806,2.863895795,0.162574464,7k,,1.182
SORBS3,12976-49,-0.010022212,0.010022212,0.818119806,2.357445175,0.118699849,7k,,1.033
PRKG1,13067-5,-0.00117291,0.00117291,0.818119806,3.317266381,0.059466531,7k,,1.825
SPP1,13113-7,0.023712365,0.023712365,0.818119806,2.863461574,0.15133255,7k,,1.066
LUM,13114-50,-0.005527559,0.005527559,0.818119806,3.773630921,0.082447086,7k,,0.758
SMOC1.1,13118-5,0.01117397,0.01117397,0.818119806,3.318810019,0.108613392,7k,,0.972
FLRT2,13122-19,0.016100522,0.016100522,0.818119806,3.954861454,0.113049552,7k,,0.993
PCSK1,13388-57,-0.041244528,0.041244528,0.818119806,3.233713254,0.101296465,7k,,1.067
TMEM132D,13416-8,-0.037569318,0.037569318,0.818119806,3.54058041,0.128334495,7k,,0.905
RBL2,13565-2,0.002901334,0.002901334,0.818119806,3.04722909,0.135934566,7k,,0.937
GSTP1.1,13576-15,0.003479108,0.003479108,0.818119806,3.463260216,0.101167606,7k,,1.215
INHBB.1,13676-46,0.004829834,0.004829834,0.818119806,4.001046608,0.169798349,7k,,0.839
CFD.1,13678-169,-0.048900577,0.048900577,0.818119806,4.487123524,0.142042847,7k,,1.32
CXCL13.1,13701-2,0.008470012,0.008470012,0.818119806,3.014699933,0.200772522,7k,,1.082
KLK8.1,13708-56,-0.055226459,0.055226459,0.818119806,3.331636855,0.126887957,7k,,0.981
GZMA.1,13712-104,-0.004574228,0.004574228,0.818119806,2.859362681,0.134988503,7k,,0.667
CNTFR.1,14101-2,0.036609819,0.036609819,0.818119806,2.781676456,0.086636503,7k,,0.668
TGFB1.1,14108-15,-0.016681193,0.016681193,0.818119806,3.45743084,0.096517982,7k,,1.302
PIANP.1,14114-18,-0.023534645,0.023534645,0.818119806,3.225002292,0.134209827,7k,,0.803
CD93.2,14136-234,-0.098442398,0.098442398,0.818119806,3.709827533,0.087150933,7k,,0.912
TRAPPC3,14337-1,-0.023294124,0.023294124,0.818119806,3.084727139,0.137433021,7k,,1.216
VOPP1,14618-26,-0.023407723,0.023407723,0.818119806,3.269720407,0.137369856,7k,,1.423
CAPN2,14684-17,0.015342902,0.015342902,0.818119806,3.69462376,0.168953885,7k,,1.279
NETO1.1,15298-199,0.014498694,0.014498694,0.818119806,2.481912218,0.109275834,7k,,1.112
CPLX2,15321-8,0.165696807,0.165696807,0.818119806,2.976266523,0.151931992,7k,,0.962
DDR2.1,15381-45,0.014115665,0.014115665,0.818119806,2.709604256,0.13793867,7k,,1.235
NRP2.1,15387-44,0.02746451,0.02746451,0.818119806,4.363162107,0.066723161,7k,,0.842
GAS6,15391-114,-0.015997402,0.015997402,0.818119806,3.097027491,0.088442986,7k,,0.845
NT5E.1,15452-5,-0.040122214,0.040122214,0.818119806,3.882890355,0.184075071,7k,,0.875
CTHRC1.1,15467-10,-0.012030753,0.012030753,0.818119806,4.669612688,0.110567751,7k,,1.227
LEFTY2.1,15503-15,0.043445318,0.043445318,0.818119806,4.122544888,0.123734624,7k,,0.707
NPTXR.1,15511-37,-0.163949584,0.163949584,0.818119806,3.071747101,0.163951548,7k,,0.911
PRSS27.1,15535-3,0.014453512,0.014453512,0.818119806,3.174061709,0.140989464,7k,,1.011
SLITRK1.2,15539-15,-0.038586626,0.038586626,0.818119806,3.076369401,0.139939607,7k,,1.216
KLK14.1,15544-25,0.037059299,0.037059299,0.818119806,3.435434546,0.155640659,7k,,0.916
MUC16,15565-102,-0.00888144,0.00888144,0.818119806,1.929938111,0.151074808,7k,,1.048
HTRA1,15594-47,-0.01483883,0.01483883,0.818119806,4.225923774,0.099821976,7k,,0.916
SMOC2,15635-4,-0.005281301,0.005281301,0.818119806,3.096620993,0.119765518,7k,,0.375
TAGLN.1,15640-54,0.004330031,0.004330031,0.818119806,3.521352713,0.156611388,7k,,0.913
COL10A1,15653-9,0.009251079,0.009251079,0.818119806,2.755693603,0.195164303,7k,,1.269
UNC5D.1,16307-22,-0.015249074,0.015249074,0.818119806,3.157665917,0.136451351,7k,,0.984
NRXN3.1,16323-8,0.019365551,0.019365551,0.818119806,3.694741129,0.118521032,7k,,1.12
KIRREL2.1,16609-106,0.007881743,0.007881743,0.818119806,2.617947069,0.170167587,7k,,1.048
LRP10,16610-13,-0.015054941,0.015054941,0.818119806,3.719132705,0.095810466,7k,,1.106
NPPB.1,16751-15,0.011626611,0.011626611,0.818119806,2.590533551,0.17475022,7k,,0.986
COL6A2,16753-46,-0.007782968,0.007782968,0.818119806,2.829181091,0.073112455,7k,,1.004
SCUBE3,16773-29,-0.02109068,0.02109068,0.818119806,2.36322263,0.145380561,7k,,0.938
CDCP1.1,16818-200,0.015900566,0.015900566,0.818119806,3.402969837,0.197964689,7k,,1.009
ADAMTSL1.1,16890-37,0.025777906,0.025777906,0.818119806,4.00553582,0.136843655,7k,,0.896
DCLK1,17156-72,0.036089454,0.036089454,0.818119806,3.425609581,0.126483047,7k,,0.988
CALCB,17170-15,0.0052097,0.0052097,0.818119806,2.477203938,0.142197322,7k,,1.203
KREMEN1.1,17331-138,0.041618745,0.041618745,0.818119806,3.171150014,0.068656057,7k,,0.89
VSIG4,17678-28,-0.021983152,0.021983152,0.818119806,3.772368603,0.166173865,7k,,0.911
EPHB1,17680-12,0.0157349,0.0157349,0.818119806,2.658835814,0.163100761,7k,,1.15
CPLX1,18332-17,0.070052892,0.070052892,0.818119806,2.344365918,0.132582373,7k,,1.284
ARL6,18415-16,-0.009415435,0.009415435,0.818119806,3.320096869,0.131516388,7k,,1.521
ATOX1,19233-75,-0.00274566,0.00274566,0.818119806,2.975204203,0.156919531,7k,,1.151
STX1A.1,19553-14,0.051316402,0.051316402,0.818119806,3.11738744,0.108685476,7k,,1.013
SEZ6L,19563-3,-0.145921186,0.145921186,0.818119806,3.365301775,0.085458137,7k,,0.923
EPOR.1,19575-4,-0.005462489,0.005462489,0.818119806,2.543586349,0.108174175,7k,,0.948
IAPP,19639-53,0.005531784,0.005531784,0.818119806,3.478414015,0.135370228,7k,,1.01
EFNA1,20091-138,0.016304304,0.016304304,0.818119806,3.508436135,0.133099025,7k,,1.101
BASP1,20111-5,0.021965707,0.021965707,0.818119806,3.076977885,0.149174485,7k,,1.122
MARCO.1,20134-27,-0.007050259,0.007050259,0.818119806,1.978016558,0.15469467,7k,,1.113
COL9A3,20175-17,6.15144e-05,6.15144e-05,0.818119806,2.993435117,0.105760387,7k,,1.269
TPPP3,20444-12,-0.094347687,0.094347687,0.818119806,3.519203033,0.130389436,7k,,1.381
COA4,20457-13,-0.009486408,0.009486408,0.818119806,2.986471663,0.121217242,7k,,0.921
RAET1L.2,20526-3,-0.002977955,0.002977955,0.818119806,2.610999911,0.116935461,7k,,1.08
FREM1,20568-3,0.00292741,0.00292741,0.818119806,2.715529527,0.118339103,7k,,1.193
MAG,20579-50,0.101279878,0.101279878,0.818119806,2.722651049,0.110383158,7k,,0.881
B9D2,21356-6,-0.010498151,0.010498151,0.818119806,2.761295424,0.14152372,7k,,1.535
BTN3A2,21433-3,0.009899611,0.009899611,0.818119806,4.117324424,0.172882536,7k,,0.966
AOC3,21491-7,-0.012403021,0.012403021,0.818119806,4.561959344,0.096584528,7k,,0.96
GPR37,21495-134,0.00814712,0.00814712,0.818119806,3.588708169,0.181943675,7k,,1.028
HYOU1,21497-32,0.02367931,0.02367931,0.818119806,4.213901572,0.062810188,7k,,1.276
MUSTN1,21545-51,-0.029483855,0.029483855,0.818119806,2.862722929,0.135767096,7k,,1.172
LRFN4,21696-80,0.001875972,0.001875972,0.818119806,3.297022958,0.116236209,7k,,1.022
METRNL,21705-33,-0.03051611,0.03051611,0.818119806,3.137203723,0.085037037,7k,,1.156
GALNT4,21722-21,0.005760408,0.005760408,0.818119806,3.176987996,0.131581114,7k,,0.849
ST6GAL2,21737-20,-0.008270695,0.008270695,0.818119806,3.261959713,0.124135601,7k,,1.205
ZCCHC17,21811-20,-0.000780519,0.000780519,0.818119806,3.031081437,0.142769363,7k,,1.092
ARNT,21951-32,0.010551564,0.010551564,0.818119806,3.00367002,0.082326307,7k,,1.336
PALMD,22059-56,0.007219804,0.007219804,0.818119806,3.246253601,0.200234714,7k,,1.192
TIMP1.1,2211-9,-0.008473616,0.008473616,0.818119806,3.851440911,0.111856876,7k,,1.112
BTN2A2,22586-24,-0.014995832,0.014995832,0.818119806,3.015587559,0.127340938,7k,,1.017
FZD1,22590-68,0.00042417,0.00042417,0.818119806,2.833788777,0.101818821,7k,,1.155
TIMP2,2278-61,-0.037893776,0.037893776,0.818119806,4.616287077,0.078453657,7k,,0.877
RBP1.2,22955-28,-0.008438204,0.008438204,0.818119806,2.645365662,0.078348203,7k,,0.845
REG1B.2,23018-4,-0.019864146,0.019864146,0.818119806,3.942873203,0.298119501,7k,,0.942
COA7,23258-56,-0.003745423,0.003745423,0.818119806,3.140784896,0.130220431,7k,,0.917
DMC1,23341-16,0.009247203,0.009247203,0.818119806,2.918734142,0.087329166,7k,,1.245
PHYHIPL,23528-199,0.007624226,0.007624226,0.818119806,2.725161738,0.134739213,7k,,0.986
PRR15,23580-2,-0.002851543,0.002851543,0.818119806,2.49497116,0.113350391,7k,,0.948
HSDL2,23588-9,-0.000957864,0.000957864,0.818119806,3.727620802,0.165214958,7k,,1.081
NR2C2AP,23594-2,0.014276183,0.014276183,0.818119806,2.730002269,0.101772732,7k,,1.274
MARVELD2,23611-16,-0.005672124,0.005672124,0.818119806,2.715838706,0.148404401,7k,,0.923
C11orf49.2,23767-1,0.010695877,0.010695877,0.818119806,3.627678045,0.089105463,7k,,1.178
FSCN1,24226-30,-0.022994491,0.022994491,0.818119806,4.144182053,0.102289219,7k,,1.351
NCBP1,24441-7,-0.014627416,0.014627416,0.818119806,3.063483164,0.091879493,7k,,1.592
AFAP1L2,24445-38,-0.029376506,0.029376506,0.818119806,2.6354128,0.152888586,7k,,0.95
THAP4,24490-16,-0.04252507,0.04252507,0.818119806,3.320945801,0.153014266,7k,,0.904
PLEKHB1,24695-8,0.002070602,0.002070602,0.818119806,2.539222539,0.15015355,7k,,1.156
EPS8L2,24891-54,-0.024626804,0.024626804,0.818119806,2.921974043,0.110318375,7k,,1.125
FCHSD1,24895-25,-0.007151318,0.007151318,0.818119806,3.149550053,0.106194255,7k,,2.169
AMPH,24908-19,0.013316747,0.013316747,0.818119806,2.998081739,0.096842537,7k,,1.012
OGFR,24934-96,-0.000968519,0.000968519,0.818119806,3.918976138,0.105256197,7k,,0.84
PGM5,25117-17,0.041539617,0.041539617,0.818119806,3.583587243,0.148685409,7k,,0.822
GFRA2,2515-14,0.022228549,0.022228549,0.818119806,3.470340786,0.081943953,7k,,1.296
YAP1,25451-39,0.001836066,0.001836066,0.818119806,3.008389846,0.185914313,7k,,1.299
PRL.2,2585-2,0.000557907,0.000557907,0.818119806,3.830329948,0.21841128,7k,,0.71
C1QTNF4.3,25964-12,0.003176033,0.003176033,0.818119806,3.601450483,0.125618994,7k,,1.097
TIMP1.3,25967-34,-0.009164558,0.009164558,0.818119806,4.520111504,0.11825554,7k,,0.858
VEGFA.3,2597-8,-0.025544845,0.025544845,0.818119806,3.831880778,0.07852516,7k,,0.939
PLAUR,2652-15,-0.00728938,0.00728938,0.818119806,3.746323729,0.119748512,7k,,1.228
MIA,2687-2,0.020079763,0.020079763,0.818119806,3.354002011,0.102010532,7k,,0.854
INHBA.3,2748-3,0.054479142,0.054479142,0.818119806,3.617993296,0.180051566,7k,,1.212
AGRP,2813-11,0.045609757,0.045609757,0.818119806,3.006736298,0.118968368,7k,,1.102
CDH5,2819-23,-0.013587537,0.013587537,0.818119806,4.151315136,0.079334803,7k,,1.589
SPINT2,2843-13,-0.011430732,0.011430732,0.818119806,2.728913115,0.120040408,7k,,0.841
VCAM1.2,2967-8,0.005622019,0.005622019,0.818119806,3.865818207,0.119017088,7k,,1.217
IL1R1,2991-9,-0.017495486,0.017495486,0.818119806,3.598146044,0.129356414,7k,,0.942
JAM2,2997-8,-0.02123487,0.02123487,0.818119806,3.694721434,0.086214035,7k,,1.009
TGFBR3,3009-3,0.003795371,0.003795371,0.818119806,4.371662079,0.085349053,7k,,0.84
SERPINF2,3024-18,-0.002080965,0.002080965,0.818119806,3.788915633,0.066615092,7k,,0.822
LGALS3,3066-12,0.031633519,0.031633519,0.818119806,3.838127386,0.086335386,7k,,1.011
CTSS,3181-50,0.017006517,0.017006517,0.818119806,4.140769466,0.107282197,7k,,1.003
IDS,3198-4,0.005665163,0.005665163,0.818119806,3.38876684,0.136786042,7k,,1.06
SFRP1.2,3221-54,-0.002802322,0.002802322,0.818119806,3.106626902,0.152762619,7k,,1.066
WFIKKN2.2,3235-50,0.043543016,0.043543016,0.818119806,3.351059865,0.112000977,7k,,0.982
CST6.2,3303-23,0.015988313,0.015988313,0.818119806,3.641550358,0.160315782,7k,,1.124
MATN2,3325-2,0.017400191,0.017400191,0.818119806,3.91622433,0.083988737,7k,,0.817
THBS4,3340-53,0.031570272,0.031570272,0.818119806,4.32708061,0.113214984,7k,,0.814
CHRDL1,3362-61,0.022700573,0.022700573,0.818119806,3.419648293,0.167831125,7k,,0.714
REN,3396-54,0.001871039,0.001871039,0.818119806,4.164190481,0.270734446,7k,,0.861
TPSB2.2,3403-1,-0.016277226,0.016277226,0.818119806,3.880146053,0.26015867,7k,,0.748
IBSP.2,3415-61,0.004614702,0.004614702,0.818119806,3.202057494,0.180213941,7k,,0.961
GZMA.2,3440-7,0.017866126,0.017866126,0.818119806,3.266301548,0.114420924,7k,,0.879
POSTN.1,3457-57,0.000284025,0.000284025,0.818119806,3.281338095,0.133384847,7k,,1.053
CCL22.2,3508-78,-0.003728069,0.003728069,0.818119806,4.024996985,0.163593683,7k,,0.729
ADIPOQ,3554-24,-0.031449644,0.031449644,0.818119806,3.686090367,0.208453619,7k,,0.919
SERPINA1,3580-25,-0.003763749,0.003763749,0.818119806,4.531955425,0.107575847,7k,,1.07
DKK3.2,3607-71,0.03000801,0.03000801,0.818119806,3.294866556,0.100312275,7k,,0.714
MAP2K2,3628-3,0.027226278,0.027226278,0.818119806,3.658599911,0.168081176,7k,,0.892
CST5.2,3803-10,-0.012254685,0.012254685,0.818119806,3.626806395,0.255228123,7k,,0.914
ESM1,3805-16,0.006513256,0.006513256,0.818119806,3.487442894,0.125682908,7k,,0.882
IL11RA.2,3814-63,0.032782424,0.032782424,0.818119806,3.375247812,0.118975542,7k,,0.864
AGER,4125-52,-0.002007318,0.002007318,0.818119806,3.467701073,0.265735753,7k,,0.958
ANP32B,4194-26,-0.011347801,0.011347801,0.818119806,2.764846184,0.109635808,7k,,1.119
CFL1,4203-50,-0.012955348,0.012955348,0.818119806,2.983392777,0.11858038,7k,,1.458
ADGRE2,4546-27,-0.024021311,0.024021311,0.818119806,3.197815851,0.165108667,7k,,1.066
PLXNC1,4564-2,0.005164195,0.005164195,0.818119806,4.019968622,0.12427313,7k,,0.881
SLITRK5,4568-17,0.01641438,0.01641438,0.818119806,3.25923684,0.125470823,7k,,1.078
SMPDL3A.2,4771-10,0.025132595,0.025132595,0.818119806,3.322608592,0.104524399,7k,,0.961
STC1,4930-21,0.068755415,0.068755415,0.818119806,3.271929308,0.116542179,7k,,0.963
CDNF.2,4962-52,0.027930787,0.027930787,0.818119806,3.218526379,0.098742933,7k,,0.977
CTSZ,4971-1,0.025888137,0.025888137,0.818119806,3.224183462,0.106148827,7k,,0.805
PI3,4982-54,0.098488319,0.098488319,0.818119806,3.885607803,0.202489616,7k,,0.86
CD163,5028-59,-0.023612535,0.023612535,0.818119806,3.387752215,0.132421106,7k,,0.81
TNFAIP6,5036-50,0.026709555,0.026709555,0.818119806,3.14030202,0.134647416,7k,,0.963
GPNMB.1,5080-131,0.005654638,0.005654638,0.818119806,3.498262753,0.101675117,7k,,0.943
IL17RB.1,5084-154,0.014665959,0.014665959,0.818119806,3.140298965,0.1560246,7k,,1.128
LILRB2.1,5091-28,-0.02442143,0.02442143,0.818119806,3.828803682,0.103881439,7k,,6.758
TNFRSF19,5131-15,-0.002575908,0.002575908,0.818119806,2.857693348,0.118096905,7k,,0.731
UNC5D.2,5140-56,-0.053202036,0.053202036,0.818119806,3.050735571,0.122617452,7k,,0.714
CCL11,5301-7,0.002430618,0.002430618,0.818119806,3.978702816,0.161118469,7k,,0.982
SIRPA.1,5430-66,-0.004988082,0.004988082,0.818119806,3.691489552,0.424778581,7k,,1.4
FABP3.2,5437-63,-0.044367311,0.044367311,0.818119806,4.178140276,0.180234624,7k,,0.924
TNNI3.1,5441-67,0.003189306,0.003189306,0.818119806,2.542079508,0.136592457,7k,,1.008
ALCAM,5451-1,0.020244827,0.020244827,0.818119806,4.050632098,0.069665851,7k,,0.99
ASGR1,5452-71,-0.020843512,0.020843512,0.818119806,3.213628175,0.177553296,7k,,1.183
COLEC12.1,5457-5,0.012055538,0.012055538,0.818119806,3.223961617,0.129604706,7k,,0.975
CST1,5459-33,0.012055668,0.012055668,0.818119806,2.836143643,0.184131785,7k,,1.009
GAS1,5463-22,0.012482248,0.012482248,0.818119806,3.933698111,0.126085377,7k,,0.908
SPON1.2,5496-49,0.036033457,0.036033457,0.818119806,4.010890697,0.096662697,7k,,0.833
GREM2,5598-3,-0.001658379,0.001658379,0.818119806,3.67532508,0.102602229,7k,,1.028
TAFA5,5609-92,0.002813836,0.002813836,0.818119806,2.811949597,0.101445256,7k,,0.91
MLN,5631-83,0.00414115,0.00414115,0.818119806,3.771454816,0.27612696,7k,,1.069
TREM2.3,5635-66,0.015206687,0.015206687,0.818119806,3.546690635,0.173272727,7k,,0.769
MFAP4,5636-10,-0.014028288,0.014028288,0.818119806,2.955076712,0.152868921,7k,,0.746
TMX3,5654-70,0.005018879,0.005018879,0.818119806,3.232029691,0.096956931,7k,,1.04
SMOC1.2,5694-57,0.030447873,0.030447873,0.818119806,4.362271988,0.128495111,7k,,1.032
OLFM1,5703-26,0.013958698,0.013958698,0.818119806,2.290471058,0.133531077,7k,,0.993
NECTIN4,5734-13,-0.012564573,0.012564573,0.818119806,2.450441313,0.149932646,7k,,0.941
ROBO1,5740-17,-0.004527698,0.004527698,0.818119806,3.675578499,0.125787413,7k,,0.924
ACP6,5742-14,-0.002491094,0.002491094,0.818119806,3.616200521,0.178993571,7k,,0.917
NGF,5801-72,0.002234377,0.002234377,0.818119806,2.610847098,0.15534258,7k,,1.039
IFNGR1,5825-49,-0.003904963,0.003904963,0.818119806,2.696072843,0.132228623,7k,,0.956
SST,5957-30,-0.000569444,0.000569444,0.818119806,2.691633178,0.090560435,7k,,0.777
ADPGK,6221-1,-0.039349343,0.039349343,0.818119806,3.144450861,0.081236773,7k,,0.904
GUCA2B,6223-5,-0.002019067,0.002019067,0.818119806,3.36434387,0.230204635,7k,,1.25
SIRPB1,6247-9,-0.001890255,0.001890255,0.818119806,3.298256945,0.236590591,7k,,0.925
DLK1.1,6373-54,0.024057825,0.024057825,0.818119806,3.289852682,0.166483531,7k,,1.053
C1QL1,6404-20,0.013897466,0.013897466,0.818119806,3.027228026,0.096151408,7k,,0.989
NMES1,6406-3,-0.021950449,0.021950449,0.818119806,3.453505642,0.138697602,7k,,1.532
TIMP4,6462-12,0.045861803,0.045861803,0.818119806,3.541229671,0.145281152,7k,,0.915
IGLON5,6478-2,-0.033100072,0.033100072,0.818119806,3.468304406,0.119791689,7k,,0.927
TMED10,6506-54,-0.017604954,0.017604954,0.818119806,3.127842691,0.145619367,7k,,0.932
MGP,6520-87,0.015910871,0.015910871,0.818119806,3.758131065,0.135020596,7k,,1.171
POSTN.2,6645-53,0.013823086,0.013823086,0.818119806,3.900634366,0.143215142,7k,,0.827
PCDHGA12,6938-21,0.007598727,0.007598727,0.818119806,2.965513326,0.101105784,7k,,1.053
CD2,7100-31,-0.023350976,0.023350976,0.818119806,3.12247259,0.434706141,7k,,1.014
SLITRK4,7139-14,-0.011345759,0.011345759,0.818119806,3.437965683,0.126579577,7k,,1.057
FUT10,7156-2,0.010789472,0.010789472,0.818119806,3.672909714,0.099776493,7k,,1.149
TMEM132C.2,7173-141,0.005803557,0.005803557,0.818119806,3.764370982,0.126641943,7k,,1.062
NPTN,7194-36,0.06161447,0.06161447,0.818119806,3.659882698,0.116564243,7k,,0.949
EPHA7.2,7195-119,-0.00275328,0.00275328,0.818119806,2.886616087,0.071560827,7k,,1.038
FAM20B,7198-197,-0.0380402,0.0380402,0.818119806,2.926461232,0.064993873,7k,,0.832
RNASE1,7211-2,-0.068669651,0.068669651,0.818119806,3.250927133,0.281949485,7k,,1.071
ATP1B2,7218-87,-0.019710427,0.019710427,0.818119806,3.630521077,0.109429887,7k,,0.993
PRG2,7258-5,-0.009090413,0.009090413,0.818119806,2.3957876,0.131654216,7k,,1.129
LRP12.2,7744-10,-8.11996e-05,8.11996e-05,0.818119806,2.999365548,0.191060541,7k,,1.226
KLRC3.2,7795-14,-0.009462577,0.009462577,0.818119806,3.155600008,0.115499755,7k,,1.11
KIR2DL5A.1,7799-3,2.36183e-05,2.36183e-05,0.818119806,2.850577116,0.115452608,7k,,1.003
PGRMC1,7863-50,-0.008982838,0.008982838,0.818119806,4.004453353,0.14860448,7k,,1.007
ADM.2,7922-5,0.013557366,0.013557366,0.818119806,2.744302598,0.158859409,7k,,1.545
SCG3,7957-2,-0.066117126,0.066117126,0.818119806,3.641564545,0.111225146,7k,,0.805
ENTPD1.2,7999-23,0.002714028,0.002714028,0.818119806,3.17961166,0.128760718,7k,,0.846
DNAJB12,8006-12,-0.007867921,0.007867921,0.818119806,3.026465292,0.146278109,7k,,0.776
CTSB.2,8007-19,0.018069874,0.018069874,0.818119806,3.327646403,0.158264781,7k,,1.188
XG,8044-90,0.005218293,0.005218293,0.818119806,2.788898657,0.18193331,7k,,1.357
SPINK1,8243-55,-0.00160648,0.00160648,0.818119806,2.771934056,0.13459109,7k,,0.52
DLL1.2,8264-43,-0.010916456,0.010916456,0.818119806,3.317065663,0.114403865,7k,,0.998
LRP11.3,8330-1,0.025744767,0.025744767,0.818119806,4.2378815,0.123732957,7k,,1.407
EPHB2.2,8348-4,0.024978095,0.024978095,0.818119806,3.509100875,0.119502913,7k,,1.129
NCR1.2,8360-169,-0.008547263,0.008547263,0.818119806,3.01008789,0.144998906,7k,,0.938
IGF1.2,8406-17,-0.008269348,0.008269348,0.818119806,2.295917687,0.128521257,7k,,0.952
NTM.3,8428-102,-0.021624917,0.021624917,0.818119806,3.523997537,0.094855998,7k,,1.009
SOD3.2,8463-2,0.017920574,0.017920574,0.818119806,4.606705346,0.130101579,7k,,0.9
ARL8B,8569-147,-0.008816373,0.008816373,0.818119806,2.809894012,0.092543179,7k,,1.004
BAMBI.3,8811-24,0.005225493,0.005225493,0.818119806,2.918102457,0.1020736,7k,,0.883
GOLM2.2,8838-10,0.026955953,0.026955953,0.818119806,2.991484972,0.091043065,7k,,0.982
QPCTL,8866-53,-0.006052302,0.006052302,0.818119806,3.568306376,0.122709484,7k,,0.889
NEO1,8900-28,-0.030142693,0.030142693,0.818119806,3.574540479,0.073284348,7k,,0.971
PTK2B.2,8918-64,0.013816731,0.013816731,0.818119806,2.973337904,0.068700131,7k,,1.309
GALNT16,8923-94,-0.000194517,0.000194517,0.818119806,3.509930453,0.132465332,7k,,1.254
GOLM1.2,8983-7,0.004877173,0.004877173,0.818119806,3.214623743,0.202305494,7k,,1.112
NPTXR.2,8997-4,-0.114564867,0.114564867,0.818119806,2.889503435,0.158771435,7k,,1.158
PLXNA1,9005-16,0.026560128,0.026560128,0.818119806,3.920158084,0.111370106,7k,,1.138
PRG3,9015-1,-0.002847623,0.002847623,0.818119806,2.988450034,0.15871807,7k,,0.919
FAM3B.2,9177-6,0.039156986,0.039156986,0.818119806,4.176160869,0.151848444,7k,,1.042
CXCL9.2,9188-119,0.004904999,0.004904999,0.818119806,2.646987003,0.214771396,7k,,0.84
TFF2.2,9191-8,-0.006302616,0.006302616,0.818119806,3.80623938,0.168786093,7k,,1.015
POMC.3,9204-33,0.007404777,0.007404777,0.818119806,2.72037002,0.14975038,7k,,0.907
TWSG1,9234-8,0.011870409,0.011870409,0.818119806,3.040078762,0.072403075,7k,,1.041
BTC.2,9242-11,-0.037896933,0.037896933,0.818119806,3.294130672,0.113529584,7k,,1.0
CTSO,9264-11,0.000644885,0.000644885,0.818119806,2.746730201,0.125248404,7k,,1.015
REG3A.2,9277-16,-0.025043045,0.025043045,0.818119806,3.237796756,0.115768518,7k,,1.004
SFRP4.2,9284-25,-0.035153171,0.035153171,0.818119806,3.426322261,0.110910591,7k,,1.018
PTPRD,9296-15,0.148014862,0.148014862,0.818119806,3.659040508,0.118375577,7k,,0.981
TAC1,9337-43,-0.026748268,0.026748268,0.818119806,2.410031833,0.138098131,7k,,1.142
PCDHAC2,9361-7,-0.013097567,0.013097567,0.818119806,2.826451361,0.11443166,7k,,0.985
TPSAB1,9409-11,-0.021067577,0.021067577,0.818119806,4.363418347,0.161362085,7k,,0.864
LMAN2.2,9468-8,0.046119735,0.046119735,0.818119806,3.666061038,0.107503078,7k,,0.914
METTL24,9470-15,-0.002205119,0.002205119,0.818119806,2.73479867,0.1400002,7k,,1.035
DSG2.2,9484-75,0.044393786,0.044393786,0.818119806,2.777977496,0.096088874,7k,,1.025
PIANP.2,9599-6,-0.08381353,0.08381353,0.818119806,3.201642307,0.145867904,7k,,1.104
TIGIT.2,9638-2,-0.000895227,0.000895227,0.818119806,1.947232208,0.188881195,7k,,0.987
TAGLN.2,9756-6,0.00518354,0.00518354,0.818119806,3.422986697,0.155943264,7k,,1.142
SEMA4B,9805-51,-0.0156071,0.0156071,0.818119806,3.033882922,0.125208619,7k,,1.087
KRT1,9931-20,0.02010675,0.02010675,0.818119806,3.175314646,0.128921235,7k,,0.895
UBXN4.1,9970-7,-0.03073548,0.03073548,0.818119806,2.775805252,0.177547702,7k,,1.648
